{"train/loss": 1.2849, "train/learning_rate": 1.9956920752342226e-05, "train/epoch": 0.19, "train/global_step": 13, "_timestamp": 1692426390.1106193, "_runtime": 390.58581042289734, "_step": 12, "_wandb": {"runtime": 398}}