{"train/loss": 1.5171, "train/learning_rate": 2.8571428571428573e-06, "train/epoch": 0.01, "train/global_step": 1, "_timestamp": 1692426834.5172005, "_runtime": 124.24255442619324, "_step": 0, "_wandb": {"runtime": 147}}