{"train/loss": 1.2318, "train/learning_rate": 1.1428571428571429e-05, "train/epoch": 0.06, "train/global_step": 4, "_timestamp": 1692425371.3817518, "_runtime": 148.34000086784363, "_step": 3, "_wandb": {"runtime": 170}}